{
  "project_info": {
    "project_number": "980113850240",
    "firebase_url": "https://mychat-e84d5.firebaseio.com",
    "project_id": "mychat-e84d5",
    "storage_bucket": "mychat-e84d5.appspot.com"
  },
  "client": [
    {
      "client_info": {
        "mobilesdk_app_id": "1:980113850240:android:5fab87aef41351bd",
        "android_client_info": {
          "package_name": "com.example.balarajum.mychat"
        }
      },
      "oauth_client": [
        {
          "client_id": "980113850240-0tgcall1eefhlhvh1l75jehh4p9t3em7.apps.googleusercontent.com",
          "client_type": 3
        }
      ],
      "api_key": [
        {
          "current_key": "AIzaSyDpa9QiVTXd9fQnlrhXuYrDfZTFH4jyxAA"
        }
      ],
      "services": {
        "analytics_service": {
          "status": 1
        },
        "appinvite_service": {
          "status": 1,
          "other_platform_oauth_client": []
        },
        "ads_service": {
          "status": 2
        }
      }
    }
  ],
  "configuration_version": "1"
}